회사이름,공고제목,회사장소,자세히보기
반석써치(주),반석써치(주),서울 강남구,https://www.incruit.com/company/6464286
탑커리어인사이트,탑커리어인사이트,서울 강남구,https://www.incruit.com/company/1670242137
(주)데이타소프텍,(주)데이타소프텍,서울 종로구,https://www.incruit.com/company/1690606636
(주)하이스트컨설팅그룹,(주)하이스트컨설팅그룹,경기 성남시 수정구,https://www.incruit.com/company/1684788400
베리링크 주식회사 (BerryLink Corp.),베리링크 주식회사 (BerryLink Corp.),서울 서초구,https://www.incruit.com/company/1690893937
(주)체스트넛,(주)체스트넛,강원 원주시 외,https://www.incruit.com/company/1683064474
(주)네오스텍,(주)네오스텍,인천 서구,https://www.incruit.com/company/1679511281
구루넷,구루넷,서울 강남구,https://www.incruit.com/company/1679887723
부산대학교 지능물류빅데이터연구소,부산대학교 지능물류빅데이터연구소,부산 금정구,https://www.incruit.com/company/1684871991
주식회사 에이치엘클레무브,주식회사 에이치엘클레무브,경기 성남시 분당구,https://www.incruit.com/company/1678098569
네이버클라우드 주식회사,네이버클라우드 주식회사,경기 성남시 분당구,https://www.incruit.com/company/7431048
(주)피너클써치,(주)피너클써치,대전,https://www.incruit.com/company/8983722
(주)스카우트,(주)스카우트,경기 수원시 권선구 외,https://www.incruit.com/company/1010393
더 함께,더 함께,서울 강남구,https://www.incruit.com/company/1676701270
케이비증권(주),케이비증권(주),서울 영등포구,https://www.incruit.com/company/123343
(주)넥스트칩,(주)넥스트칩,경기 성남시 분당구,https://www.incruit.com/company/1683077837
(주)하이스트컨설팅그룹,(주)하이스트컨설팅그룹,경기 화성시,https://www.incruit.com/company/1684788400
(주)넥스트칩,(주)넥스트칩,경기 성남시 분당구,https://www.incruit.com/company/1683077837
삼일회계법인,삼일회계법인,서울 용산구,https://www.incruit.com/company/1690957650
(주)엘핀,(주)엘핀,서울 강서구,https://www.incruit.com/company/1687160746
(주)제이드크로스,(주)제이드크로스,서울 서초구 외,https://www.incruit.com/company/10021429
휴먼리스펙,휴먼리스펙,서울 영등포구,https://www.incruit.com/company/1687895810
반석써치(주),반석써치(주),서울 서초구,https://www.incruit.com/company/6464286
(주)피플스카우트,(주)피플스카우트,서울 강남구 외,https://www.incruit.com/company/5304346
구루넷,구루넷,서울 강남구,https://www.incruit.com/company/1679887723
(주)엔터웨이파트너스,(주)엔터웨이파트너스,서울,https://www.incruit.com/company/614215
한국부라스(주),한국부라스(주),서울 노원구,#
반석써치(주),반석써치(주),서울 서초구,https://www.incruit.com/company/6464286
파워에이치알,파워에이치알,서울,https://www.incruit.com/company/7147858
(주)브레인풀,(주)브레인풀,서울 강남구,https://www.incruit.com/company/1687960399
반석써치(주),반석써치(주),서울 강남구,https://www.incruit.com/company/6464286
탑커리어인사이트,탑커리어인사이트,서울 강남구,https://www.incruit.com/company/1670242137
(주)데이타소프텍,(주)데이타소프텍,서울 종로구,https://www.incruit.com/company/1690606636
(주)하이스트컨설팅그룹,(주)하이스트컨설팅그룹,경기 성남시 수정구,https://www.incruit.com/company/1684788400
베리링크 주식회사 (BerryLink Corp.),베리링크 주식회사 (BerryLink Corp.),서울 서초구,https://www.incruit.com/company/1690893937
(주)체스트넛,(주)체스트넛,강원 원주시 외,https://www.incruit.com/company/1683064474
(주)네오스텍,(주)네오스텍,인천 서구,https://www.incruit.com/company/1679511281
구루넷,구루넷,서울 강남구,https://www.incruit.com/company/1679887723
부산대학교 지능물류빅데이터연구소,부산대학교 지능물류빅데이터연구소,부산 금정구,https://www.incruit.com/company/1684871991
주식회사 에이치엘클레무브,주식회사 에이치엘클레무브,경기 성남시 분당구,https://www.incruit.com/company/1678098569
네이버클라우드 주식회사,네이버클라우드 주식회사,경기 성남시 분당구,https://www.incruit.com/company/7431048
(주)피너클써치,(주)피너클써치,대전,https://www.incruit.com/company/8983722
(주)스카우트,(주)스카우트,경기 수원시 권선구 외,https://www.incruit.com/company/1010393
더 함께,더 함께,서울 강남구,https://www.incruit.com/company/1676701270
케이비증권(주),케이비증권(주),서울 영등포구,https://www.incruit.com/company/123343
(주)넥스트칩,(주)넥스트칩,경기 성남시 분당구,https://www.incruit.com/company/1683077837
(주)하이스트컨설팅그룹,(주)하이스트컨설팅그룹,경기 화성시,https://www.incruit.com/company/1684788400
(주)넥스트칩,(주)넥스트칩,경기 성남시 분당구,https://www.incruit.com/company/1683077837
삼일회계법인,삼일회계법인,서울 용산구,https://www.incruit.com/company/1690957650
(주)엘핀,(주)엘핀,서울 강서구,https://www.incruit.com/company/1687160746
(주)제이드크로스,(주)제이드크로스,서울 서초구 외,https://www.incruit.com/company/10021429
휴먼리스펙,휴먼리스펙,서울 영등포구,https://www.incruit.com/company/1687895810
반석써치(주),반석써치(주),서울 서초구,https://www.incruit.com/company/6464286
(주)피플스카우트,(주)피플스카우트,서울 강남구 외,https://www.incruit.com/company/5304346
구루넷,구루넷,서울 강남구,https://www.incruit.com/company/1679887723
(주)엔터웨이파트너스,(주)엔터웨이파트너스,서울,https://www.incruit.com/company/614215
한국부라스(주),한국부라스(주),서울 노원구,#
반석써치(주),반석써치(주),서울 서초구,https://www.incruit.com/company/6464286
파워에이치알,파워에이치알,서울,https://www.incruit.com/company/7147858
(주)브레인풀,(주)브레인풀,서울 강남구,https://www.incruit.com/company/1687960399
반석써치(주),반석써치(주),서울 강남구,https://www.incruit.com/company/6464286
탑커리어인사이트,탑커리어인사이트,서울 강남구,https://www.incruit.com/company/1670242137
(주)데이타소프텍,(주)데이타소프텍,서울 종로구,https://www.incruit.com/company/1690606636
(주)하이스트컨설팅그룹,(주)하이스트컨설팅그룹,경기 성남시 수정구,https://www.incruit.com/company/1684788400
베리링크 주식회사 (BerryLink Corp.),베리링크 주식회사 (BerryLink Corp.),서울 서초구,https://www.incruit.com/company/1690893937
(주)체스트넛,(주)체스트넛,강원 원주시 외,https://www.incruit.com/company/1683064474
(주)네오스텍,(주)네오스텍,인천 서구,https://www.incruit.com/company/1679511281
구루넷,구루넷,서울 강남구,https://www.incruit.com/company/1679887723
부산대학교 지능물류빅데이터연구소,부산대학교 지능물류빅데이터연구소,부산 금정구,https://www.incruit.com/company/1684871991
주식회사 에이치엘클레무브,주식회사 에이치엘클레무브,경기 성남시 분당구,https://www.incruit.com/company/1678098569
네이버클라우드 주식회사,네이버클라우드 주식회사,경기 성남시 분당구,https://www.incruit.com/company/7431048
(주)피너클써치,(주)피너클써치,대전,https://www.incruit.com/company/8983722
(주)스카우트,(주)스카우트,경기 수원시 권선구 외,https://www.incruit.com/company/1010393
더 함께,더 함께,서울 강남구,https://www.incruit.com/company/1676701270
케이비증권(주),케이비증권(주),서울 영등포구,https://www.incruit.com/company/123343
(주)넥스트칩,(주)넥스트칩,경기 성남시 분당구,https://www.incruit.com/company/1683077837
(주)하이스트컨설팅그룹,(주)하이스트컨설팅그룹,경기 화성시,https://www.incruit.com/company/1684788400
(주)넥스트칩,(주)넥스트칩,경기 성남시 분당구,https://www.incruit.com/company/1683077837
삼일회계법인,삼일회계법인,서울 용산구,https://www.incruit.com/company/1690957650
(주)엘핀,(주)엘핀,서울 강서구,https://www.incruit.com/company/1687160746
(주)제이드크로스,(주)제이드크로스,서울 서초구 외,https://www.incruit.com/company/10021429
휴먼리스펙,휴먼리스펙,서울 영등포구,https://www.incruit.com/company/1687895810
반석써치(주),반석써치(주),서울 서초구,https://www.incruit.com/company/6464286
(주)피플스카우트,(주)피플스카우트,서울 강남구 외,https://www.incruit.com/company/5304346
구루넷,구루넷,서울 강남구,https://www.incruit.com/company/1679887723
(주)엔터웨이파트너스,(주)엔터웨이파트너스,서울,https://www.incruit.com/company/614215
한국부라스(주),한국부라스(주),서울 노원구,#
반석써치(주),반석써치(주),서울 서초구,https://www.incruit.com/company/6464286
파워에이치알,파워에이치알,서울,https://www.incruit.com/company/7147858
(주)브레인풀,(주)브레인풀,서울 강남구,https://www.incruit.com/company/1687960399
